question,answer
What is Artificial Intelligence?,Artificial Intelligence refers to the development of computer systems that can perform tasks that would typically require human intelligence, such as visual perception, speech recognition, decision-making, and language translation.
What are the two main categories of Artificial Intelligence?,The two main categories of Artificial Intelligence are Narrow AI and General AI. Narrow AI focuses on a specific task, while General AI aims to have human-like intelligence and the ability to learn and perform various tasks.
What is Machine Learning?,Machine Learning is a subset of Artificial Intelligence that focuses on the development of algorithms that can learn from and make predictions or decisions on data.
What is Deep Learning?,Deep Learning is a subset of Machine Learning that uses deep neural networks with many layers to learn from and make predictions on complex data.
What is Natural Language Processing?,Natural Language Processing is a subset of Artificial Intelligence that focuses on enabling computers to understand, interpret, and generate human language.
What is Computer Vision?,Computer Vision is a subset of Artificial Intelligence that focuses on enabling computers to interpret and understand visual data from the world around us.
What is an Artificial Neural Network?,An Artificial Neural Network is a computing system inspired by the structure and function of the human brain that can learn from and make predictions on data. It consists of interconnected nodes, or artificial neurons, that process and transmit information. 
What is Reinforcement Learning?,Reinforcement Learning is a subset of Machine Learning where an algorithm learns to take actions in an environment to maximize a reward signal. The algorithm receives feedback in the form of a reward or penalty based on the actions it takes, and uses this feedback to improve its decision-making over time.
What is an artificial neural network?,An artificial neural network is a type of machine learning algorithm that is designed to simulate the way the human brain works by using interconnected nodes to process and analyze data.
What is unsupervised learning?,Unsupervised learning is a type of machine learning that allows computers to learn patterns and relationships in data without being given specific examples or labeled data.
What is supervised learning?,Supervised learning is a type of machine learning that involves providing the computer with labeled examples and having it learn from those examples in order to make predictions or decisions on new data.
What is artificial general intelligence (AGI)?,Artificial general intelligence (AGI) refers to the hypothetical ability of machines to understand or learn any intellectual task that a human being can do.
What is explainable AI (XAI)?,Explainable AI (XAI) refers to the development of AI systems that can provide transparent and understandable explanations for their decisions or actions, especially in critical or high-stakes situations.
What is a chatbot?,A chatbot is an AI-powered software application designed to simulate human conversation and provide automated customer service or assistance through text-based or voice-based interactions.
What is a recommendation system?,A recommendation system is an AI-based algorithm that is used to suggest items, products, or services to users based on their past behavior, preferences, or interests.
What is the difference between AI and machine learning?,AI refers to the simulation of human intelligence in machines, while machine learning is a subset of AI that allows machines to learn and improve from experience without being explicitly programmed.
What is the difference between supervised and unsupervised learning?,Supervised learning involves providing the computer with labeled examples to learn from, while unsupervised learning involves allowing the computer to learn patterns and relationships in
What is an AI algorithm?,An AI algorithm is a set of rules or instructions that a computer program follows to make decisions or perform tasks in an intelligent way.
What are some applications of AI?,AI has a wide range of applications, including image and speech recognition, natural language processing, autonomous vehicles, healthcare, finance, and more.
What is reinforcement learning?,Reinforcement learning is a type of machine learning that involves training an agent to make decisions by receiving rewards or punishments based on its actions.
What are the three types of artificial intelligence?,The three types of artificial intelligence are narrow or weak AI, general or strong AI, and artificial superintelligence.
What is transfer learning?,Transfer learning is a machine learning technique where a pre-trained model is used as a starting point for a new model, in order to speed up training and improve performance. 
What is the difference between AI and machine learning?,AI is a broader field that encompasses many subfields, including machine learning, natural language processing, computer vision, and more. Machine learning is a subset of AI that involves training algorithms to make predictions or decisions based on data. 
What is overfitting?,Overfitting occurs when a model is trained too much on the training data, to the point that it becomes too specific to that data and does not generalize well to new, unseen data.
What is a neural network?,A neural network is a type of machine learning algorithm that is designed to recognize patterns in data. It is modeled after the structure of the human brain and consists of layers of interconnected nodes that process information.
What is underfitting in machine learning?,Underfitting in machine learning occurs when a model is too simple and fails to capture the underlying patterns in the data. It can be addressed by using more complex models or increasing the complexity of the existing model
What is the Turing Test?,"The Turing Test is a measure of a machines ability to exhibit intelligent behavior equivalent to, or indistinguishable from, that of a human."
What is a convolutional neural network?,A convolutional neural network is a type of neural network commonly used in computer vision tasks that applies convolutional filters to the input image to extract features and classify images.
What is natural language generation?,Natural language generation (NLG) is a branch of NLP that involves using algorithms to produce text that mimics the style and content of human language.
What is a chatbot?,A chatbot is a computer program designed to simulate conversation with human users, typically over the internet, using natural language processing and other AI techniques.
What is sentiment analysis?,Sentiment analysis is a type of NLP that involves analyzing text to determine the emotional tone or attitude of the writer towards a particular topic or subject.
What is the largest animal on Earth?,The blue whale is the largest animal on Earth.
Who is the king of the jungle?,The notion of the lion being the "king of the jungle" is a common misconception. Lions are primarily found in grasslands and savannas, not jungles. However, lions are often symbolically referred to as the king of the jungle due to their strength, majestic appearance, and association with royalty in certain cultures.
What is the largest land animal?,The African elephant is the largest land animal.
What is the fastest land animal?,The cheetah is the fastest land animal.
Which animal can hold its breath the longest?,The sperm whale can hold its breath the longest among animals.
What is the tallest animal in the world?,The giraffe is the tallest animal in the world.
Which animal has the strongest bite?,The saltwater crocodile has the strongest bite among all animals.
What is the smallest mammal?,"The bumblebee bat, also known as the Kittis hog-nosed bat, is the smallest mammal."
Which animal has the largest wingspan?,The wandering albatross has the largest wingspan of any living bird.
What is the heaviest bird in the world?,The ostrich is the heaviest bird in the world.
Which animal has the best night vision?,The tarsier has exceptional night vision among animals.
What is the most venomous snake?,The inland taipan, also known as the fierce snake, is considered the most venomous snake.
What is the largest land animal?,The African elephant is the largest land animal.
What is the fastest land animal?,The cheetah is the fastest land animal.
Which animal can hold its breath the longest?,The sperm whale can hold its breath the longest among animals.
What is the tallest animal in the world?,The giraffe is the tallest animal in the world.
Which animal has the strongest bite?,The saltwater crocodile has the strongest bite among all animals.
What is the smallest mammal?,"The bumblebee bat, also known as the Kittis hog-nosed bat, is the smallest mammal."
Which animal has the largest wingspan?,The wandering albatross has the largest wingspan of any living bird.
What is the heaviest bird in the world?,The ostrich is the heaviest bird in the world.
Which animal has the best night vision?,The tarsier has exceptional night vision among animals.
Which animal has the longest lifespan?,The bowhead whale has the longest lifespan among mammals, with some individuals living over 200 years.
What is the loudest animal in the world?,The blue whale produces the loudest sound of any animal, reaching levels of up to 188 decibels.
Which animal has the best sense of smell?,The bloodhound is known for having the best sense of smell among dogs and is often used for tracking scents.
What is the most intelligent non-human animal?,The bottlenose dolphin is considered one of the most intelligent non-human animals.
Which animal has the longest migration?,The Arctic tern holds the record for the longest migration among animals, traveling between the Arctic and Antarctic each year.
What is the largest species of shark?,The whale shark is the largest species of shark, reaching lengths of up to 40 feet or more.
Which animal has the most legs?,The millipede has the most legs among animals, with some species having up to 400 legs.
What is the most venomous fish?,The stonefish is considered the most venomous fish in the world, found in the coastal regions of the Indo-Pacific.
Which animal has the longest neck?,The giraffe has the longest neck among land animals, which can reach lengths of up to six feet.
What is the largest species of penguin?,The emperor penguin is the largest species of penguin, with adults reaching heights of around 3.7 feet.
Which animal has the best camouflage?,The chameleon is known for its exceptional camouflage abilities, allowing it to blend in with its surroundings.
What is the fastest flying bird?,The peregrine falcon is the fastest flying bird, capable of reaching speeds over 240 miles per hour during its hunting stoop.
Which animal has the longest tusks?,The African elephant has the longest tusks among living animals, with some individuals having tusks that reach lengths of over 10 feet.
What is the smallest species of monkey?,The pygmy marmoset is the smallest species of monkey, with adults weighing around 4 to 5 ounces.
Which animal has the most powerful jaws?,The saltwater crocodile has the most powerful jaws among living reptiles, exerting immense force when biting down on prey.
What is the largest species of bear?,The polar bear is the largest species of bear, with adult males weighing up to 1,500 pounds or more.
Which animal has the longest lifespan in captivity?,The Galapagos tortoise has been known to live over 100 years in captivity, with some individuals reaching ages of 150 years or more.
What is the most endangered species of big cat?,The Amur leopard is considered the most endangered species of big cat, with fewer than 100 individuals left in the wild.
Which animal is known for its ability to mimic human speech?,The African grey parrot is known for its exceptional ability to mimic human speech.
What is the fastest marine animal?,The sailfish holds the title for the fastest marine animal, reaching speeds of up to 68 miles per hour.
Which animal has the most complex communication system?,The bottlenose dolphin has one of the most complex communication systems among animals, using a combination of clicks, whistles, and body language.
What is the largest species of lizard?,The Komodo dragon is the largest species of lizard, growing up to 10 feet in length and weighing over 150 pounds.
Which animal is known for its ability to echolocate?,The bat is known for its ability to echolocate, emitting high-frequency sounds and using the echoes to navigate and locate prey.
What is the largest species of eagle?,The Philippine eagle is the largest species of eagle, with a wingspan that can reach up to 7 feet.
Which animal is capable of regenerating its limbs?,The axolotl, a type of salamander, is known for its remarkable ability to regenerate lost limbs.
What is the smallest species of deer?,The pud√∫, a small deer native to South America, is the smallest species of deer, standing at around 12 to 17 inches tall.
Which animal is known for its ability to use tools?,The New Caledonian crow is known for its impressive tool-making and tool-using abilities.
What is the largest species of turtle?,The leatherback sea turtle is the largest species of turtle, with adults reaching lengths of up to 6 feet and weighing over 1,000 pounds.
Which animal has the most complex social structure?,The African elephant has one of the most complex social structures among land animals, living in close-knit family groups called herds.
What is the largest species of octopus?,The giant Pacific octopus is the largest species of octopus, with a maximum arm span of around 30 feet.
Which animal has the longest migration by a land mammal?,The caribou, also known as reindeer, has the longest migration among land mammals, traveling up to 3,000 miles annually.
What is the most venomous marine animal?,The box jellyfish is considered one of the most venomous marine animals, with its tentacles containing powerful toxins.
Which animal is known for its ability to camouflage by changing color and pattern?,The cuttlefish is known for its remarkable ability to camouflage by changing its color and pattern to blend in with its environment.
What is the smallest species of whale?,The dwarf sperm whale is the smallest species of whale, measuring about 8 to 9 feet in length.
Which animal has the longest migration by a bird?,The Arctic tern holds the record for the longest migration by a bird, traveling from the Arctic to the Antarctic and back each year, covering a distance of around 44,000 miles.
Which animal is known for its ability to glide through the air?,The flying squirrel is known for its ability to glide through the air using a membrane between its limbs called a patagium.
What is the largest species of crab?,The Japanese spider crab is the largest species of crab, with a leg span that can reach up to 12 feet.
Which animal has the longest tongue relative to its body size?,The chameleon has the longest tongue relative to its body size, which it uses to capture prey by rapidly extending and retracting it.
What is the smallest species of penguin?,The little blue penguin, also known as the fairy penguin, is the smallest species of penguin, standing at around 13 inches tall.
Which animal is known for its ability to hibernate for long periods?,The groundhog, also known as the woodchuck, is known for its ability to hibernate for long periods during winter.
What is the largest species of fish?,The whale shark is the largest species of fish, reaching lengths of up to 40 feet or more.
Which animal has the most colorful plumage?,The male peacock has some of the most colorful plumage among birds, with vibrant iridescent feathers.
What is the largest species of rodent?,The capybara is the largest species of rodent, with adults weighing up to 150 pounds.
Which animal is known for its ability to mimic other sounds and voices?,The lyrebird is known for its remarkable ability to mimic various sounds, including other bird species, human voices, and even mechanical sounds.
What is the fastest marine mammal?,The common dolphin holds the title for the fastest marine mammal, reaching speeds of up to 60 km/h (37 mph).
Which animal has the most powerful kick?,The ostrich has the most powerful kick among living birds and animals, capable of delivering a powerful strike with its long legs.
What is the largest species of snake?,The reticulated python is the largest species of snake, reaching lengths of up to 30 feet or more.
Which animal is known for its ability to regrow lost limbs?,The starfish, also known as a sea star, is known for its remarkable ability to regrow lost limbs.